YearMonth,total_trades,breakevens,evaluated_trades,win_rate,net_pips,profit_factor,avg_pips
2015-10,2.0,1.0,1.0,0.0,-219.0,0.0,-109.5
2018-10,2.0,0.0,2.0,0.0,-220.0,0.0,-110.0
2019-10,1.0,0.0,1.0,0.0,-94.0,0.0,-94.0
2021-10,1.0,0.0,1.0,1.0,2666.0,inf,2666.0
2022-10,1.0,0.0,1.0,0.0,-22.0,0.0,-22.0
2023-10,3.0,0.0,3.0,0.3333333333333333,-184.0,0.31086142322097376,-61.333333333333336
2024-10,2.0,0.0,2.0,0.5,970.0,14.857142857142858,485.0
