Weekday,MonthNum,Month,Hour,total_trades,breakevens,evaluated_trades,win_rate,net_pips,profit_factor,avg_pips
Tuesday,2,February,13,6.0,0.0,6.0,0.8333333333333334,557.0,11.314814814814815,92.83333333333333
Wednesday,2,February,13,7.0,0.0,7.0,0.2857142857142857,2028.0,3.1783029001074112,289.7142857142857
Tuesday,10,October,13,7.0,1.0,6.0,0.3333333333333333,710.0,2.719128329297821,101.42857142857143
Wednesday,10,October,13,5.0,0.0,5.0,0.2,2187.0,5.565762004175365,437.4
Tuesday,12,December,13,10.0,0.0,10.0,0.3,3318.0,6.5952782462057336,331.8
Wednesday,12,December,13,11.0,0.0,11.0,0.45454545454545453,227.0,1.273164861612515,20.636363636363637
