Hour,total_trades,breakevens,evaluated_trades,win_rate,net_pips,profit_factor,avg_pips
13,68.0,1.0,67.0,0.40298507462686567,10835.0,2.977189781021898,159.33823529411765
