Weekday,total_trades,breakevens,evaluated_trades,win_rate,net_pips,profit_factor,avg_pips
Monday,264.0,1.0,263.0,0.3726235741444867,1335.0,1.054204393195014,5.056818181818182
Tuesday,248.0,1.0,247.0,0.38866396761133604,11123.0,1.4535187148332382,44.850806451612904
Wednesday,249.0,0.0,249.0,0.3654618473895582,4428.0,1.1900429184549357,17.783132530120483
Thursday,260.0,2.0,258.0,0.35658914728682173,702.0,1.026070486871913,2.7
Friday,246.0,0.0,246.0,0.3617886178861789,6300.0,1.2753977968176256,25.609756097560975
Saturday,2.0,0.0,2.0,0.0,-104.0,0.0,-52.0
