session_flag,count,win_rate,pf,avg_pips
sec_is_overlap,661,0.3842662632375189,1.2003066215097908,23.811546087965034
