session_flag,count,win_rate,pf,avg_pips
sec_is_asia,1269,0.36879432624113473,1.194347603636263,18.739763117910123
