Hour,total_trades,breakevens,evaluated_trades,win_rate,net_pips,profit_factor,avg_pips
13,103.0,1.0,102.0,0.39215686274509803,13690.0,2.499123959702146,132.9126213592233
